Event,Type,Start Date,End Date,Description (long),Cost in Billion Dollars,Deaths
Arkansas River Flooding,Flooding,20-May-19,14-Jun-19,"Historic flooding impacts the Arkansas River Basin with damage to homes, agriculture, roads, bridges and levees focused across eastern Oklahoma and western Arkansas. Thousands of homes, cars and businesses were flooded due a combination of high rivers, levee failure and persistently heavy rainfall from May 20 through June.",$3.70 ,5
California Wildfires,Wildfire,1-Sep-03,30-Nov-03,"Dry weather, high winds, and resulting wildfires in Southern California burned over 3,700 homes. Nearly 4.0 million acres burned across numerous western states including Alaska.",$6.60 ,22
Central and Eastern Severe Weather,Severe Storm,13-May-18,15-May-18,"Severe storm damage across many Central states including TX, KS, CO, OK, MO, IL, IN, IA and OH. This was followed by a derecho event across the Northeastern states of MD, NJ, NY, PA, VA, WV, MA and CT that caused widespread high wind damage. Also, there were one dozen tornadoes reported across PA, NY and CT causing further damage.",$1.70 ,5
Central and Eastern Tornadoes and Hail Storms,Severe Storm,10-May-23,12-May-23,"Dozens of tornadoes and severe hail storms from the eastern Rockies and across several central states. The most costly severe hail impacts were focused in Colorado while numerous tornadoes also impacted western Kansas, central Oklahoma and eastern Nebraska. Texas and North Dakota were also impacted from combination of high winds, hail and isolated tornadoes with damage to homes, businesses, vehicles, farms and other infrastructure.",$3.60 ,1
Central and Eastern Winter Storm,Winter Storm,1-Jan-99,4-Jan-99,"South, Southeast, Midwest, Northeast affected by damaging winter storm",$2.00 ,25
Central and Eastern Winter Storm and Cold Wave,Winter Storm,21-Dec-22,26-Dec-22,"Historic winter storm and powerful arctic front caused significant impact across much of the nation, bringing heavy rains, snow, ice and high winds that sent temperatures plummeting. More than 200 million people were under a winter weather advisory or warning and more than a million customers, from Texas to Maine, were left without power. Buffalo, New York was paralyzed by near hurricane force winds and continuous snow squalls, which contributed to dozens of fatalities in the region. Additional impacts were widespread frozen water pipes that led to extensive water damage in many homes, businesses and to other critical infrastructure.",$9.00 ,87
Central and Northeast Severe Weather,Severe Storm,24-Jun-24,26-Jun-24,"High wind, hail and tornadoes impact numerous central and northeastern states on June 24-26. Several states were impacted by tornadoes including Nebraska, Iowa, Pennsylvania, Rhode Island and Massachusetts. On June 25, an EF-3 tornado hit Whitman, Nebraska and the surrounding area. It was the first strong tornado to impact Grant County, Nebraska in more than 70 years. On June 26, a tornado that impacted Providence County, Rhode Island was the first June tornado reported in the state since records began in 1950.",$1.70 ,3
Central and Northeast Severe Weather,Severe Storm,1-May-18,4-May-18,"Numerous central states (KS, NE, OK, TX, NM, MO, IA, IL, IN, OH, WI) were impacted by large hail and tornadoes. Several northeastern states including NY, PA and VT were also impacted by high wind damage from severe storms.",$1.80 ,0
Central and Southern Severe Weather,Severe Storm,12-Mar-24,14-Mar-24,"Damaging hail, tornadoes and high wind from severe storms impact many Central and Southern states. Kansas, Oklahoma and Missouri were affected by up to baseball-sized hail damaging homes, vehicles, businesses. Illinois, Indiana and Ohio were impacted by hail, high wind and dozens of tornadoes including a deadly EF-3 striking northwest Ohio.",$6.20 ,3
Central and Southern Severe Weather,Severe Storm,15-Jun-23,18-Jun-23,"Severe storms produce over one thousand reports of damaging weather across Oklahoma, Texas, Mississippi, Georgia, Florida, Arkansas and Ohio. Among these reports were over 70 preliminary tornadoes including an EF-3 tornado in Louin, Mississippi. This combination of high winds, hail and tornadoes caused damage to homes, businesses, vehicles, agriculture and other infrastructure. The damage was most focused in Oklahoma.",$3.90 ,5
Central and Southern Tornado Outbreak,Severe Storm,26-Apr-24,28-Apr-24,"An outbreak producing more than 140 tornadoes developed across several central and southern states including Nebraska, Iowa, Kansas, Missouri, Oklahoma and Texas causing widespread damage to many homes, businesses, vehicles, agriculture and other infrastructure. Eastern Nebraska was particularly impacted by numerous strong tornadoes. Lincoln narrowly avoided a direct hit, with a large tornado touching down on the edge of the city. The same storm also spawned a mile-wide tornado that heavily damaged the towns of Elkhorn, Bennington, and Blair on the outskirts of Omaha. On April 27, an EF-4 tornado struck Marietta, Oklahoma damaging a large commercial distribution center. Near downtown Omaha another EF-3 touched down at Eppley Airfield, which destroyed several hangars and airplanes. Several tornadoes also touched down close to Topeka, Kansas while an EF-3 tornado caused extensive damage to the town of Westmoreland.",$1.70 ,3
Central Severe Weather,Severe Storm,19-Apr-23,20-Apr-23,"Severe hail, scattered tornadoes and high winds caused damage across numerous central states. Central Oklahoma was impacted by a cluster of tornadoes. Texas, Missouri, Nebraska, Kansas, Iowa, Illinois and Wisconsin was impacted by hail and high wind damage from severe storms.",$3.10 ,1
Central Severe Weather,Severe Storm,7-Jun-22,8-Jun-22,"Severe weather produced damaging hail, high wind and damage from more than two dozen tornadoes across numerous states including Colorado, Nebraska, Kansas, Missouri, Oklahoma, Texas, Iowa and Ohio. Hail and high wind damage was severe across much of Nebraska causing widespread damage to homes, businesses, vehicles, farms and agriculture and other infrastructure.",$2.00 ,0
Central Severe Weather,Severe Storm,10-Jul-20,11-Jul-20,"Central severe weather producing hundreds of severe hail and high wind reports across numerous states including Nebraska, South Dakota, Minnesota, Kansas, Oklahoma, Iowa, Illinois and Indiana. These storms caused impacts to many homes, vehicles and businesses.",$1.50 ,0
Central Tornado Outbreak,Severe Storm,25-May-24,26-May-24,"An outbreak producing more than 110 tornadoes developed across many central states. The states most affected include Missouri, Arkansas, Texas, Oklahoma, Illinois and Kentucky causing widespread damage to homes, businesses, vehicles, agriculture and other infrastructure. On May 25, an EF-3 tornado tracked through the Montague, Cooke and Denton counties of Texas, with maximum winds of 140 mph that caused seven fatalities and at least 100 injuries.",$3.50 ,16
Central Tornado Outbreak and Eastern Severe Weather,Severe Storm,31-Mar-23,1-Apr-23,"A historic tornado outbreak across numerous central states caused widespread damage from at least 145 tornadoes. States most impacted were Illinois, Indiana, Ohio, Missouri, Iowa, Arkansas, Tennessee and Pennsylvania where there was severe damage to homes, businesses, vehicles, agriculture and other infrastructure.",$5.90 ,33
"Central, Southern and Eastern Severe Weather",Severe Storm,27-Apr-20,30-Apr-20,"Severe weather across many Central, Southern and Eastern states produced primarily large hail and high winds that caused widespread damage to many homes, vehicles and businesses. The states affected included Oklahoma, Texas, Missouri, Arkansas, Louisiana, Virginia, Pennsylvania, Maryland, Delaware and New Jersey.",$1.30 ,1
"Central, Southern, Eastern Severe Weather",Severe Storm,18-May-24,22-May-24,"Severe storms across many central, southern and eastern states produced widespread impacts from several dozen tornadoes, severe hail and high winds. The states most impacted were Nebraska, Kansas, Oklahoma, Texas, Iowa and Wisconsin, as each experienced considerable damage to homes, vehicles, businesses, agriculture and additional infrastructure. On May 21, an EF-4 tornado cut a 44-mile path across southeast Iowa, with peak wind speeds of 175-185 mph. The town of Greenfield, Iowa was heavily damaged. Multiple 'Particularly Dangerous Situation (PDS)' watches were issued by NOAA's National Weather Service for these states, during this multi-day sequence. Several eastern states also sustained high wind damage from these storms.",$4.90 ,5
"Central, Southern, Southeastern Tornado Outbreak",Severe Storm,6-May-24,9-May-24,"An outbreak producing more than 165 tornadoes developed across many central, southern and southeastern states. The states most affected include Oklahoma, Kansas, Nebraska, Michigan, Indiana, Ohio, Kentucky, Tennessee, Alabama, North Carolina, South Carolina, Georgia and Florida. This multi-day tornado outbreak produced at least 61 EF-0, 79 EF-1, 13 EF-2, three EF-3, one EF-4 tornado and dozens of EF-U (unknown/unrated) tornadoes, causing widespread damage to homes, businesses, vehicles, agriculture and other infrastructure. The towns of Barnsdall and Bartlesville, Oklahoma were impacted by an EF-4 tornado that caused extensive damage.",$6.60 ,3
Central/Eastern Drought/Heat Wave,Drought,1-Jun-80,30-Nov-80,"Central and eastern U.S. drought/heat wave caused damage to agriculture and other related industries. Combined direct and indirect deaths (i.e., excess mortality) due to heat stress estimated at 10,000.",$40.70 ,"1,260"
Colorado Hail Storm and Central Severe Weather,Severe Storm,8-May-17,11-May-17,"Hail storm and wind damage impacting several states including CO, OK, TX, NM, MO. The most costly impacts were in the Denver metro region where baseball-sized hail caused the most expensive hail storm in Colorado history, with insured losses exceeding $2.2 ($2.8) billion.",$4.30 ,0
Freeze/Cold Wave,Freeze,15-Dec-83,25-Dec-83,Severe freeze damages citrus crops across central/northern Florida. Associated cold wave over much of the U.S. causes over 100 deaths and additional damages.,$6.50 ,151
Groundhog Day Blizzard,Winter Storm,1-Feb-11,3-Feb-11,"A large winter storm impacted many central, eastern and northeastern states. The city of Chicago was brought to a virtual standstill as between 1 and 2 feet of snow fell over the area.",$2.60 ,36
"Hail, Tornadoes",Severe Storm,28-Apr-92,29-Apr-92,Severe Storms hit Oklahoma and Texas with tornadoes and hail,$2.20 ,0
Midwest and Ohio Valley Severe Weather,Severe Storm,27-Mar-20,28-Mar-20,"Severe weather caused damage across many Midwest and Ohio Valley states including Missouri, Oklahoma, Texas, Illinois, Indiana, Ohio, Arkansas, Kentucky, Tennessee, West Virginia and Pennsylvania. The states most affected from a combination of high winds and hail were Missouri, Ohio and Arkansas. There were also two dozen tornadoes across Iowa, Illinois, Indiana and Arkansas causing additional damage.",$3.10 ,0
Midwest Flooding,Flooding,1-Apr-08,30-Jun-08,"Heavy rain and flooding caused significant agricultural loss and property damage in IA, IL, IN, MO, MN, NE, and WI with IA being hardest hit with widespread rainfall totals ranging from 4 to over 16 inches.",$14.90 ,24
Midwest Tornado Outbreak,Severe Storm,6-Mar-17,8-Mar-17,"Tornado outbreak and wind damage across many Midwestern states (AR, IA, IL, KS, MI, MN, MO, NE, NY, OH, WI). Missouri and Illinois were impacted by numerous tornadoes while Michigan and New York were affected by destructive, straight-line winds following the storm system. Nearly one million customers lost power in Michigan alone due to sustained high winds, which affected several states from Illinois to New York.",$2.80 ,2
Midwest Tornadoes,Severe Storm,13-Apr-12,14-Apr-12,"Outbreak of tornadoes and severe weather over the midwest (OK, KS, NE, IA) with 98 confirmed tornadoes including many tornadoes that remained on the ground for an extended time - traveling tens of miles.",$1.50 ,6
Midwest Tornadoes and Severe Weather,Severe Storm,22-May-08,27-May-08,"Outbreak of tornadoes over the Midwest/Ohio Valley regions (IL, IN, IA, KS, MN, NE, OK, WY, CO) with 235 tornadoes confirmed.",$4.40 ,13
"Midwest, South and East Severe Weather",Severe Storm,9-Jun-09,12-Jun-09,"Sustained outbreak of thunderstorms and high winds from a strong derecho event over the central, southern, and eastern states (TX, OK, MO, NE, KS, AR, AL, MS, TN, NC, SC, KY, PA).",$1.90 ,0
Midwest/Mid-Atlantic Severe Weather,Severe Storm,6-Jun-08,12-Jun-08,"An outbreak of tornadoes and thunderstorms over the Midwest/Mid-Atlantic states (IA, IL, IN, KS, NE, MI, MN, MO, OK, WI, MD, VA, WV).",$2.40 ,18
Midwest/Ohio Valley Hail and Tornadoes,Severe Storm,6-Apr-01,11-Apr-01,"Storms, tornadoes, and hail in the states of TX, OK, KS, NE, IA, MO, IL, IN, WI, MI, OH, KY, WV, and PA, over a 6-day period.",$5.50 ,3
Midwest/Ohio Valley Severe Weather,Severe Storm,7-Apr-15,9-Apr-15,"Severe storms across the Midwest and Ohio Valley including the states (AR, IA, IL, IN, KS, KY, MI, MO, NC, OH, OK, PA, TN, TX, WI, WV). Large hail and high winds created the most damage across Missouri and Illinois.",$2.10 ,2
Midwest/Plains Tornadoes,Severe Storm,25-Apr-94,27-Apr-94,"Tornadoes and severe storms cause damage in states across the South, Southeast and Midwest. The states impacted include TX, OK, AR, CO, KS, NE, IA, SD, IL, IN, MN and MO.",$2.10 ,3
Midwest/Plains/East Tornadoes,Severe Storm,18-May-13,22-May-13,"Outbreak of tornadoes and severe weather over the Midwest, Plains and Eastern states (GA, IA, IL, KS, MO, NY, OK, TX) with 59 confirmed tornadoes including the deadly tornado that impacted Moore, OK. Many destructive tornadoes remained on the ground for an extended time.",$3.20 ,27
Midwest/Plains/Northeast Tornadoes,Severe Storm,27-May-13,31-May-13,"Outbreak of tornadoes and severe weather over the Midwest, Plains and Northeast (IL, IN, KS, MO, NY, OK, TX) with 92 confirmed tornadoes including the deadly tornado that struck El Reno, OK. There was also significant damage resulting from hail and straight-line wind.",$2.40 ,10
Midwest/Plains/Southeast Drought,Drought,1-Mar-06,31-Aug-06,"Rather severe drought affected crops especially during the spring-summer, centered over the Great Plains region with other areas affected across portions of the south -- including states of ND, SD, NE, KS, OK, TX, MN, IA, MO, AR, LA, MS, AL, GA, FL, MT, WY, CO, NM.",$9.50 ,0
Midwest/Plains/Southeast Tornadoes,Severe Storm,2-Apr-82,4-Apr-82,"Tornadoes and severe weather affect the states (AL, AR, CO, IA, IL, IN, KS, KY, LA, MI, MN, MO, MS, NE, OH, OK, PA, TN, TX, WI, WV) across the Midwest, Plains and Southeast.",$1.6*,33
Midwest/Southeast Tornadoes,Severe Storm,22-May-11,27-May-11,"Outbreak of tornadoes over central and southern states (MO, TX, OK, KS, AR, GA, TN, VA, KY, IN, IL, OH, WI, MN, PA) with an estimated 180 tornadoes. Notably, an EF-5 tornado struck Joplin, MO resulting in at least 160 deaths, making it the deadliest single tornado to strike the U.S. since modern tornado record keeping began in 1950.",$12.70 ,177
Midwest/Southeast Tornadoes,Severe Storm,14-Apr-11,16-Apr-11,"Outbreak of tornadoes over central and southern states (OK, TX, AR, MS, AL, GA, NC, SC, VA, PA) with an estimated 177 tornadoes.",$2.90 ,38
Midwest/Southeast Tornadoes,Severe Storm,25-Mar-09,28-Mar-09,"Outbreak of tornadoes over central and southern states (NE, KS, OK, IA, TX, LA, MS, AL, GA, TN, KY) with 56 tornadoes confirmed.",$2.40 ,0
Midwest/Southeast Tornadoes and Severe Weather,Severe Storm,18-Jun-11,22-Jun-11,"Outbreak of tornadoes over central states (OK, TX, KS, NE, MO, IA, IL) with an estimated 81 tornadoes. Additional wind and hail damage across the Southeast (TN, GA, NC, SC).",$2.20 ,3
"Midwest/Southeast/Northeast Winter Storm, Cold Wave",Winter Storm,8-Jan-82,16-Jan-82,"Winter storm and cold wave affect numerous states (AL, AR, CT, DE, FL, GA, IA, IL, IN, KS, KY, LA, MA, MD, ME, MI, MN, MO, MS, NC, ND, NH, NJ, NY, OH, OK, PA, RI, SC, TN, TX, VA, VT, WI, WV) across the Midwest, Southeast and Northeast.",$2.2*,85
"Mississippi River, Midwest and Southern Flooding",Flooding,15-Mar-19,31-Jul-19,"Additional major flooding impacted many Southern Plains states significantly affecting agriculture, roads, bridges, levees, dams and other assets across many cities and towns. The states most affected were Oklahoma, Nebraska, Missouri, Illinois, Kansas, Arkansas, Kentucky, Tennessee, Texas, Mississippi and Louisiana. Very high water levels also disrupted barge traffic along the Mississippi River, which negatively impacted a variety of dependent industries. Indiana and Ohio were also affected by persistent heavy rainfall that flooded farmland, which prevented and reduced crop planting by millions of acres.",$7.60 ,4
Missouri and Arkansas Flooding and Central Severe Weather,Flooding,25-Apr-17,7-May-17,"A period of heavy rainfall up to 15 inches over a multi-state region in the Midwest caused historic levels of flooding along many rivers. The flooding was most severe in Missouri, Arkansas and southern Illinois where levees were breached and towns were flooded. There was widespread damage to homes, businesses, infrastructure and agriculture. Severe storms also caused additional impacts during the flooding event across a number of central and southern states.",$2.20 ,20
North Central Severe Weather and Tornadoes,Severe Storm,15-May-17,18-May-17,"Severe weather and tornadoes cause impacts across numerous north central states. The states most impacted were Iowa, Illinois, Minnesota, and Wisconsin.",$1.2*,1
North Texas Hail Storm,Severe Storm,23-Mar-16,24-Mar-16,"Large hail and strong winds caused considerable damage in heavily populated areas of north Texas. This damage was most notable in the cities of Dallas, Fort Worth and Plano.",$2.70 ,0
"Northwest, Central, Eastern Winter Storm and Cold Wave",Winter Storm,10-Feb-21,19-Feb-21,"Historic cold wave and winter storm impacts many northwest, central and eastern states. Temperature departures exceeding 40.0 degrees F (22.2 degrees C) below normal occurred from Nebraska southward to Texas. The prolonged arctic air caused widespread power outages in Texas, as well as other southern states, with multiple days of sustained below-freezing temperatures. At the peak of the outage, nearly 10 million people were without power. Additional impacts were frozen water pipes, which burst upon thawing causing water damage to buildings. These extreme conditions also caused or contributed to the direct and indirect deaths of more than 210 people in Texas alone. This count does not include excess mortality that may be hundreds of additional deaths. There were also snow and ice impacts across numerous states including Oklahoma, Arkansas, Missouri, Illinois, Kentucky, Tennessee, Louisiana, Mississippi, Colorado, Oregon and Washington. This is now the costliest U.S. winter storm event on record, more than doubling the inflation-adjusted cost of the 'Storm of the Century' that occurred in March 1993.",$27.20 ,262
Numerous Wildfires,Wildfire,1-Jan-06,31-Dec-06,"Numerous wildfires driven by dry weather and high winds burned over 9.8 million acres, across the western half of the country including Alaska. This is the second highest annual total behind the 10.1 million acres burned in 2015 since record-keeping began in 1960. The most affected states were AK, AZ, CA, CO, FL, ID, MT, NM, NV, OK, OR, TX, WA, WY",$2.30 ,28
Oklahoma and Kansas Tornadoes,Severe Storm,3-May-99,6-May-99,"Outbreak of F4-F5 tornadoes hit the states of Oklahoma and Kansas, along with Texas and Tennessee, Oklahoma City area hardest hit.",$3.80 ,55
"Oklahoma, Kansas, and Texas Tornadoes and Severe Weather",Severe Storm,10-May-10,12-May-10,"An outbreak of tornadoes, hail, and severe thunderstorms occurred across Oklahoma, Kansas, and Texas in mid-May. Oklahoma was hardest hit with > $1.5 ($2.2) billion in damages.",$4.80 ,3
Plains Tornadoes and Central Severe Weather,Severe Storm,8-May-16,11-May-16,"Tornadoes and severe storms cause widespread damage across the Plains and Central states (NE, MO, TX, OK, KS, CO, IL, KY, TN) over a multi-day period. The damage from tornadoes and high wind was most costly in Nebraska and Missouri.",$2.30 ,2
"Rockies, Central and Northeast Tornadoes and Severe Weather",Severe Storm,26-May-19,29-May-19,"A four-day tornado outbreak impacts many states across the Rockies, Central and Northeast (CO, WY, NE, KS, OK, MO, IA, IL, IN, OH, PA and NJ). This outbreak produced 190 tornadoes in addition to hundreds of reports of damaging hail and straight-line thunderstorm winds. Of particular note was an EF-4 tornado that produced heavy damage near the city of Dayton, Ohio on May 27.",$5.70 ,3
Rockies/Central/East Severe Weather,Severe Storm,10-Jun-10,15-Jun-10,"Severe storms cause high wind and hail damage across numerous states including CO, NM, KS, OK, IL, IN, GA, SC and NC.",$1.3*,2
Severe Storms,Severe Storm,31-May-82,10-Jun-82,"Severe storms cause damage across the South, Southeast and Central regions. The states impacted include AR, IL, KY, IN, SC, GA and OH.",$1.6*,30
Severe Storms and Tornadoes,Severe Storm,8-Mar-06,13-Mar-06,"Outbreak of tornadoes over portions of the midwest and south during a week-long period-affecting the states of AL, AR, KY, MS, TN, TX, IN, KS, MO, and OK.",$2.10 ,10
"Severe Storms, Flash Floods, Hail, Tornadoes",Severe Storm,5-May-81,10-May-81,"Severe storms cause damage across the Midwest and South. The states most impacted include TX, OK, KS, AL and LA.",$1.4*,20
"Severe Storms, Hail",Severe Storm,19-Jun-92,20-Jun-92,Severe storms with hail hit Kansas and Oklahoma,$1.7*,0
"Severe Storms, Hail, Tornadoes",Severe Storm,21-May-04,27-May-04,"Severe storms including tornadoes and hail cause damage across the Midwest, South, Southeast and Northeast regions. The states impacted include IA, IL, IN, KY, MI, MO, NC, NE, NY, OK, OH and WI.",$1.70 ,4
Severe Storms/Tornadoes,Severe Storm,3-May-03,10-May-03,"Numerous tornadoes over the midwest, Mississippi valley, OH/TN valleys, and portions of the southeast, with a modern record one-week total of approximately 400 tornadoes reported",$7.10 ,51
South and Southeast Severe Weather,Severe Storm,7-May-19,13-May-19,"Persistent severe storms impacted numerous states from Texas to North Carolina (TX, OK, KS, AR, LA, MS, AL, NC). Tornadoes and damaging hail particularly affected Texas, Louisiana and North Carolina focused across the Raleigh metro region.",$1.90 ,0
South and Southeast Severe Weather,Severe Storm,20-Apr-17,22-Apr-17,"Severe weather including hail, high winds and several tornadoes impacted Oklahoma, Texas, Tennessee, South Carolina, North Carolina and Virginia. These conditions caused damage to homes, businesses, vehicles and other infrastructure.",$1.2*,0
South Plains Severe Weather,Severe Storm,5-May-95,7-May-95,"Torrential rains, hail, and tornadoes across Texas-Oklahoma and southeast Louisiana-southern Mississippi, with Dallas and New Orleans areas (10-25 inch rains in 5 days) hardest hit.",$11.40 ,32
"South, Central and Eastern Severe Weather",Severe Storm,20-May-20,23-May-20,"A combination of thunderstorm high winds, hail and tornadoes affected numerous Southern, Central and Eastern states. The states most affected included Texas, Illinois and North Carolina with damage to homes, businesses and vehicles. Oklahoma, Arkansas, Indiana, Tennessee, Alabama, Georgia, Florida and South Carolina.",$1.90 ,2
South/Southeast Severe Weather,Severe Storm,26-Mar-17,28-Mar-17,"Large hail and high winds in Texas north of the Dallas metro region caused widespread damage to structures and vehicles. Severe storms also caused damage across several other states (OK, TN, KY, MS, AL) due to the combination of high winds, hail and tornadoes.",$3.50 ,0
South/Southeast Severe Weather,Severe Storm,18-Apr-15,20-Apr-15,"Severe storms across the South and Southeastern states (AL, AR, FL, GA, KS, LA, MS, NC, OK, SC, TN, TX). High winds and severe hail created the most significant damage in Texas.",$1.70 ,0
South/Southeast Tornadoes,Severe Storm,26-Apr-16,2-May-16,Large outbreak of tornadoes affects numerous states across the South and Southeast. Additional damage also from large hail and straight-line wind during the multi-day thunderstorm event.,$3.20 ,6
Southeast and Eastern Tornado Outbreak,Severe Storm,12-Apr-20,13-Apr-20,"Outbreak of at least 140 tornadoes from Texas to Maryland including 3 EF4s, 12 EF3s, 20 EF2s, 77 EF1s and 28 EF0s. Damage was extensive and highly destructive to many homes, vehicles and businesses across more than a dozen Southeast and Eastern states.",$4.20 ,35
Southeast Severe Weather and Tornadoes,Severe Storm,4-Apr-17,6-Apr-17,"Severe weather and tornadoes impact numerous southern and eastern states. The states most impacted include Alabama, Georgia and Kentucky.",$1.30 ,1
Southeast Tornado Outbreak,Severe Storm,4-Apr-22,6-Apr-22,"A tornado outbreak on April 4-6 with a combined 100 preliminary tornadoes reported. The tornadoes occurred across Texas, Louisiana, Mississippi, Alabama, Georgia, Florida and South Carolina. Many of these tornadoes were clustered along the southern regions of Mississippi, Alabama, Georgia and South Carolina. During this three-day period many of these tornadoes were rated as either EF-1 or EF-0, but there were also nine EF-2, three EF-3 and one EF-4 tornado. This EF-4 occurred in Pembroke, Georgia on April 5th with winds of 185 mph that destroyed several neighborhoods. Many of the other tornadoes across the South caused considerable damage to homes, businesses, vehicles, and other infrastructure.",$1.50 ,3
Southeast/Midwest Tornadoes,Severe Storm,8-Apr-11,11-Apr-11,"Outbreak of tornadoes over central and southern states (NC, SC, TN, AL, TX, OK, KS, IA, WI) with an estimated 59 tornadoes.",$3.10 ,0
Southeast/Ohio Valley Severe Weather,Severe Storm,10-Feb-09,11-Feb-09,"Complex of severe thunderstorms and high winds across the region (TN, KY, OK, OH, VA, WV, PA).",$2.60 ,10
Southeast/Ohio Valley/Midwest Tornadoes,Severe Storm,25-Apr-11,28-Apr-11,"Outbreak of tornadoes over central and southern states (AL, AR, LA, MS, GA, TN, VA, KY, IL, MO, OH, TX, OK) with an estimated 343 tornadoes. The deadliest tornado of the outbreak, an EF-5, hit northern Alabama, killing 78 people. Several major metropolitan areas were directly impacted by strong tornadoes including Tuscaloosa, Birmingham, and Huntsville in Alabama and Chattanooga, Tennessee, causing the estimated damage costs to soar.",$14.30 ,321
Southern and Central Severe Weather,Severe Storm,1-May-22,3-May-22,"Severe weather producing high winds and large, damaging hail impacted several Southern and Central states including Texas, Oklahoma, Ohio and Pennsylvania. Many homes, businesses, vehicles and agriculture assets were damaged.",$1.20 ,1
Southern and Eastern Severe Weather,Severe Storm,2-Mar-23,3-Mar-23,"Severe storms impact numerous southern and eastern states including Texas, Alabama, Mississippi, Tennessee, Kentucky, Indiana and Ohio. Impacts from high wind and tornadoes cause widespread damage to homes, vehicles, businesses, government buildings and infrastructure.",$6.20 ,13
Southern Derecho and Severe Storms,Severe Storm,1-May-89,6-May-89,"A derecho caused high wind damage across much of Texas into Louisiana. Severe storms cause damage in states across the South and Southeast. The states impacted include OK, TX, LA, MS, GA, SC, NC and VA.",$1.4*,21
Southern Drought and Heat Wave,Drought,1-Jun-98,31-Aug-98,"Severe drought and heat wave from Texas/Oklahoma eastward to the Carolinas. The states impacted include AL, AR, FL, GA, LA, MS, NC, OK, SC, TN, TX, and VA.",$6.90 ,200
Southern Flooding,Flooding,11-May-90,19-May-90,"Torrential rains cause flooding along the Trinity, Red, and Arkansas Rivers in TX, OK, LA, and AR",$2.50 ,13
Southern Hail Storms,Severe Storm,23-Sep-23,24-Sep-23,"Hail storms impact Texas, Oklahoma and Missouri. The most damaging impacts were in central Texas including Austin, Georgetown, Round Rock and Arlington on September 24. Towns north of Austin in particular were impacted by baseball sized hail causing damage to homes, vehicles and businesses.",$1.70 ,0
Southern Plains Drought,Drought,1-Mar-96,31-Aug-96,Severe drought in agricultural regions of southern plains--Texas and Oklahoma most severely affected,$3.70 ,0
Southern Plains Tornadoes,Severe Storm,6-May-15,10-May-15,"Tornado outbreak across the Southern Plain states (IA, KS, NE, OK, CO, SD, TX) with 122 tornadoes. The most costly damage occurred across Texas and Oklahoma.",$1.70 ,4
Southern Plains/Midwest/Northeast Severe Weather,Severe Storm,25-May-12,30-May-12,"Severe storms over the southern plains, midwest and northeast (TX, OK, KS, MN, PA, NY) with 27 confirmed tornadoes. Significant damage also from severe hail and straight-line winds.",$3.20 ,1
Southern Plains/Southwest Drought and Heat Wave,Drought,1-Mar-11,31-Aug-11,"Drought and heat wave conditions created major impacts across Texas, Oklahoma, New Mexico, Arizona, southern Kansas, and western Louisiana. In Texas and Oklahoma, a majority of range and pastures were classified in ""very poor"" condition for much of the 2011 crop growing season.",$17.10 ,95
Southern Severe Weather,Severe Storm,11-Jun-23,14-Jun-23,"Numerous southern states including Texas, Louisiana, Mississippi, Alabama, Georgia, Tennessee, Arkansas, South Carolina and Florida were impacted by hail, tornadoes and high winds. These storms caused damage to many homes, vehicles and businesses across several days of severe storm activity.",$4.20 ,0
Southern Severe Weather,Severe Storm,11-Apr-22,13-Apr-22,"Severe weather including hundreds of damaging wind reports and dozens of tornadoes occurred across Arkansas, Louisiana, Mississippi, Alabama, Texas, Tennessee and Kentucky. On April 11, tornadoes and damaging hail was focused across central Arkansas causing damage to homes, vehicles, outbuildings and farms and vegetation. April 12 and 13 produced widespread high wind reports and dozens of tornadoes across central Mississippi, northeast Arkansas and west-central Kentucky. These tornadoes produced damage to homes, businesses, farms, outbuildings and other infrastructure. There was also considerable hail damage across Wisconsin and Minnesota.",$2.90 ,1
Southern Severe Weather,Severe Storm,21-Apr-20,23-Apr-20,"Severe weather caused damage across many Southern states. The states most affected from a combination of high winds, hail and tornadoes included Texas, Oklahoma, Louisiana, Mississippi, Alabama, Georgia, Florida and Virginia. The states with the highest damage totals for the event were Oklahoma, Louisiana and Texas.",$1.70 ,3
Southern Severe Weather,Severe Storm,24-Feb-13,25-Feb-13,"Severe weather produced severe hail and wind damage across several southern states including Louisiana, Oklahoma and Texas. The damage was most focused in Louisiana near New Orleans, as severe hail caused significant damage costs to many homes, vehicles and businesses.",$1.3*,1
Southern Severe Weather,Severe Storm,9-Apr-08,11-Apr-08,"Severe storms affect Arkansas, Oklahoma and Texas across the South.",$1.50 ,2
Southern Tornadoes and Southeast Severe Weather,Severe Storm,2-May-21,4-May-21,"Tornadoes and severe storms with widespread high wind and large hail cause damage across many Southern and Southeastern states including Mississippi, Texas, Arkansas, Alabama, Georgia, South Carolina, North Carolina, and Tennessee. There were over 111 confirmed tornadoes largely clustered in central Mississippi and surrounding states.",$1.50 ,4
Southern/Eastern/Northwestern Drought and Heat Wave,Drought,1-Jan-24,31-Dec-24,"Drought conditions impacted many Southern, Eastern and Northwestern states. This drought was more transient in its impacts over numerous states throughout the year. The states of Texas, Oklahoma and Kansas had some of the highest losses to crops from the effects of drought and heat. As the drought changed in intensity and duration throughout the year across several regions of the country. Several Northwestern states also had costly impacted to agriculture including Montana, Idaho and Washington. Numerous southern and eastern states from Mississippi through Pennsylvania also experienced crop impacts that were most severe in the Summer months. The drought conditions also strengthen through the Fall and Winter months impacting Maryland, Delaware and New Jersey. It was also one of the hottest years on record for a number of these states, which claimed more than 100 lives from excessive heat exposure.",$5.40 ,136
Southern/Midwestern Drought and Heatwave,Drought,1-Apr-23,30-Sep-23,"Drought conditions impacted numerous Southern and Midwestern states (TX, LA, OK, KS, IL, MO, NE) and surrounding states. The agriculture sector has been impacted across these affected states including damage to field crops from lack of rainfall. Ranchers have also been forced to sell-off livestock early in some regions due to high feeding costs. For the second straight year, portions of the Mississippi River have experienced low water levels impacting river commerce. This low flow has also allowed salt water from the Gulf of Mexico to migrate northward, along the bottom of the Mississippi River, impacting water quality in southern Louisiana. Several Northwestern states including Washington, Oregon and Montana have also been impacted by increasing drought effects.",$14.80 ,247
Southwest/Great Plains Drought,Drought,1-Jan-09,31-Dec-09,"Drought conditions occurred during much of the year across parts of the Southwest, Great Plains, and southern Texas causing agricultural losses in numerous states (TX, OK, KS, CA, NM, AZ). The largest agriculture losses occurred in TX and CA.",$5.20 ,0
Southwest/Southern Plains Drought,Drought,1-Jun-18,30-Dec-18,"Drought conditions were present across numerous Southwestern and Plains states (TX, OK, KS, MO, CO, NM, AZ, UT). The most extreme drought conditions continue to persist across the Four Corners region of the Southwest. The agriculture sector has been impacted across the affected states including damage to field crops from lack of rainfall. Ranchers have also be forced to sell-off livestock early in some regions due to high feeding costs.",$3.80 ,0
Spring Freeze,Freeze,4-Apr-07,10-Apr-07,"Widespread severe freeze over much of the east and midwest (AL, AR, GA, IA, IL, IN, KS, KY, MO, MS, NC, NE, OH, OK, SC, TN, VA, WV), causing significant losses in fruit crops, field crops (especially wheat), and the ornamental industry. Temperatures in the teens/20s accompanied by rather high winds nullified typical crop-protection systems.",$3.20 ,0
Texas and Oklahoma Flooding and Severe Weather,Flooding,23-May-15,26-May-15,"A slow-moving system caused tremendous rainfall and subsequent flooding to occur in Texas and Oklahoma. The Blanco river in Texas swelled from 5 feet to a crest of more than 40 feet over several hours causing considerable property damage and loss of life. The city of Houston also experienced flooding which resulted in hundreds of high-water rescues. The damage in Texas alone exceeded $1.0 ($1.4) billion. There was also damage in other states (KS, CO, AR, OH, LA, GA, SC) from associated severe storms.",$3.40 ,31
Texas and Oklahoma Severe Weather,Severe Storm,27-Apr-21,28-Apr-21,"Severe weather including tornadoes, high wind, localized flooding and large hail cause widespread impacts across central Texas and Oklahoma. There was considerable damage across Texas and Oklahoma to many homes, vehicles and businesses particularly from hail storms. Several of the more impacted areas include west of San Antonio, north of Fort Worth, and southwest of San Marcos.",$3.70 ,0
Texas Hail Storm,Severe Storm,22-Mar-19,24-Mar-19,"Texas hail storm over the Dallas metroplex damaged many homes, businesses and vehicles. Oklahoma also received hail damage resulting from the same severe weather system.",$1.90 ,0
Texas Tornadoes and Central Severe Weather,Severe Storm,20-Oct-19,20-Oct-19,"Numerous tornadoes caused widespread damage across northern Dallas damaging thousands of homes, vehicles, businesses and other public infrastructure. Tornadoes up to EF-3 intensity with maximum winds of 140 mph tracked across a large section of highly developed northern Dallas. Additionally high winds and hail damage also caused damage in other states including Oklahoma, Missouri, Arkansas, Louisiana and Tennessee.",$2.10 ,2
Texas Tornadoes and Midwest Flooding,Severe Storm,26-Dec-15,29-Dec-15,"A powerful storm system packing unseasonably strong tornadoes caused widespread destruction in the Dallas metropolitan region, damaging well over 1,000 homes and businesses. This same potent system also produced intense rainfall over several Midwestern states triggering historic flooding that has approached or broken records at river gauges in several states (MO, IL, AR, TN, MS, LA). The flooding has overtopped levees and caused damage in numerous areas. This historic storm also produced high wind, snow and ice impacts from New Mexico through the Midwest and into New England. Overall, the storm caused at least 50 deaths from the combined impact of tornadoes, flooding and winter weather.",$2.60 ,50
"Texas, New Mexico, Arizona Wildfires",Wildfire,1-Jun-11,30-Nov-11,"Continued drought conditions and periods of extreme heat provided conditions favorable for a series of historic wildfires across Texas, New Mexico and Arizona. The Bastrop Fire in Texas was the most destructive fire in Texas history destroying over 1,500 homes. The Wallow Fire consumed over 500,000 acres in Arizona making it the largest on record in Arizona. The Las Conchas Fire in New Mexico was also the state's largest wildfire on record scorching over 150,000 acres while threatening the Los Alamos National Laboratory. Over 3 million acres have burned across Texas this wildfire season.",$2.50 ,5
U.S. Drought,Drought,1-Jan-08,31-Dec-08,"Severe drought and heat caused agricultural losses across a large portion of the U.S. Record low lake levels also occurred in areas of the southeast. The states impacted include AL, AR, CA, CO, GA, ID, IN, KS, KY, MD, MN, MS, MT, NC, ND, NJ, NM, OH, OK, OR, SC, TN, TX, UT, VA, WA and WI.",$10.50 ,0
U.S. Drought,Drought,1-Mar-02,30-Nov-02,"Moderate to extreme drought over large portions of more than 30 states, including the western states, the Great Plains, and much of the eastern U.S.",$16.00 ,0
U.S. Drought,Drought,1-Mar-91,31-Aug-91,"Drought conditions over parts of the West, Central and eastern U.S. most affected the states IL, IN, KS, MN, OH, OR, PA, SD, and WA.",$7.00 ,0
U.S. Drought/Heat Wave,Drought,1-Jan-12,31-Dec-12,"The 2012 drought is the most extensive drought to affect the U.S. since the 1930s. Moderate to extreme drought conditions affected more than half the country for a majority of 2012. The following states were affected: CA, NV, ID, MT, WY, UT, CO, AZ, NM, TX, ND, SD, NE, KS, OK, AR, MO, IA, MN, IL, IN, GA. Costly drought impacts occurred across the central agriculture states resulting in widespread harvest failure for corn, sorghum and soybean crops, among others. The associated summer heat wave also caused 123 direct deaths, but an estimate of the excess mortality due to heat stress is still unknown.",$41.70 ,123
U.S. Drought/Heat Wave,Drought,1-Jun-88,31-Aug-88,"1988 drought across a large portion of the U.S. with very severe losses to agriculture and related industries. Combined direct and indirect deaths (i.e., excess mortality) due to heat stress estimated at 5,000.",$54.60 ,454
U.S. Wildfires,Wildfire,1-Sep-08,30-Nov-08,"Drought conditions across numerous western, central and southeastern states (AK, AZ, CA, NM, ID, UT, MT, NV, OR, WA, CO, TX, OK, NC, FL ) resulted in thousands of wildfires; national acreage burned exceeding 5.2 million acres (mainly in the west) and over 1,000 homes and structures destroyed in California fires alone.",$1.80 ,16
Western Drought,Drought,1-Jan-14,31-Dec-14,"Historic drought conditions affected the majority of California for all of 2014 making it the worst drought on record for the state. Surrounding states and parts of Texas, Oklahoma and Kansas also experienced continued severe drought conditions. This is a continuation of drought conditions that have persisted for several years.",$5.30 ,0
Western Wildfires,Wildfire,1-Jun-12,30-Nov-12,"Wildfires burned over 9.2 million acres across the U.S. in 2012. This is the 3rd highest annual total since the year 2000. The most damaging wildfires occurred in the western states (CO, ID, WY, MT, CA, NV, OR, WA). Colorado experienced the most costly wildfires (e.g., Waldo Canyon fire) where several hundred residences were destroyed.",$2.40 ,8
Western Wildfires,Wildfire,1-Jun-09,30-Nov-09,"Residual and sustained drought conditions across western and south-central states resulted in thousands of wildfires. Most affected states include CA, AZ, NM, TX, OK, and UT. National wildfire acreage burned exceeds 5.9 million acres. Over 200 homes and structures destroyed in the California ""Station"" fire alone.",$1.50 ,10
"Western, Central and Northeast Severe Weather",Severe Storm,4-Jan-08,9-Jan-08,"Strong storm produces severe weather including hail, high winds and heavy precipitation from California to New York. Flash floods and landslides cause damage in California. In addition, more than 70 tornadoes were reported from Arkansas to Wisconsin, with the highest concentration of tornadoes in Missouri.",$1.50 ,12
Western/Central Drought and Heat Wave,Drought,1-Jan-22,31-Dec-22,"Severe drought conditions impacted many Western and Central states. Large reservoirs across the West including Lake Mead, Lake Powell, Lake Oroville, and Shasta Lake, among others continue to be depleted. Lake Mead, the Nation's largest reservoir, is nearing dead pool status and is at the lowest level since it was filled in the 1930s. The Great Salt Lake is also near record-low levels. The impacts of the drought affected crop production across may states and sharply increased feeding costs for livestock. Many segments of the Mississippi River also experienced low water levels causing delays and reductions in river commerce. Extreme heat also developed for many days across Western and Central states. These excess heat conditions caused more than one hundred heat-related fatalities focused across Arizona, Nevada, California, Oregon and Texas. The 2022 drought was one of the costlier droughts on record, with a diverse array of direct impacts across different regions and industries.",$23.50 ,136
Western/Central/Southeast Drought/Heat Wave,Drought,1-Mar-00,30-Nov-00,"Western/Central/Southeast Drought/Heat Wave. The states impacted include AZ, AL, AR, CA, CO, FL, GA, IA, KS, LA, MS, MT, NE, NM, OK, OR, SC, TN, and TX.",$9.30 ,140
Western/Plains Drought/Heat Wave,Drought,1-Mar-13,30-Nov-13,"The 2013 drought slowly dissipated from the historic levels of the 2012 drought, as conditions improved across many Midwestern and Plains states. However, moderate to extreme drought did remain or expand into western states (AZ, CA, CO, IA, ID, IL, KS, MI, MN, MO, ND, NE, NM, NV, OK, OR, SD, TX, UT, WA, WI, WY). In comparison to 2011 and 2012 drought conditions the US experienced only moderate crop losses across the central agriculture states.",$14.30 ,53
"Winter Storm, Cold Wave",Winter Storm,21-Dec-89,26-Dec-89,"Winter storm and deep cold impacts the Northeast, South and Southeast. The states impacted include AL, AR, CT, FL, GA, IL, IN, KY, LA, ME, MO, MS, NC, NH, NY, OH, OK, PA, SC, TN, TX, VA, VT and WV.",$1.70 ,100
"Winter Storm, Cold Wave",Winter Storm,19-Jan-85,22-Jan-85,"Extreme cold and winter storms in the Southeast, South, Southwest, Northeast, Midwest, and North",$2.50 ,150
